Priority Rank,Application,Program,RICE Score,Reach,Impact,Confidence,Effort,Scoring Method,Data Quality,Reach Explanation,Impact Explanation,Confidence Explanation,Effort Explanation
1,Electronic Fisheries Permit System (eFPS),Sustainable Fisheries,33.33,5,5,4,3,Qualitative,0%,"[QUALITATIVE] Very High Reach: National-scale application with public access and 15,000 users across all stakeholder groups",[QUALITATIVE] Very High Impact: Mission-critical application. Failure would result in immediate cessation of regulatory functions or legal non-compliance,High Confidence: Complete qualitative data with detailed purpose. Good understanding but would benefit from quantitative metrics,"[QUALITATIVE] Medium Effort: Moderate maintenance burden with $45,000/year hosting cost. Consistent support required"
2,Stock Assessment Results Database (SARDB),Office of Science and Technology,26.67,5,4,4,3,Qualitative,0%,"[QUALITATIVE] Very High Reach: National-scale application with public access and 12,000 users across all stakeholder groups",[QUALITATIVE] High Impact: Supports core regulatory or scientific workflows. Essential for meeting statutory mandates (enforcement/scientific functions),High Confidence: Complete qualitative data with detailed purpose. Good understanding but would benefit from quantitative metrics,"[QUALITATIVE] Medium Effort: Moderate maintenance burden with $22,000/year hosting cost. Consistent support required"
3,Gulf Red Snapper Reporting System,Southeast Region,24.00,3,4,4,2,Qualitative,0%,"[QUALITATIVE] Medium Reach: Regional application with 3,200 users",[QUALITATIVE] High Impact: Supports core regulatory or scientific workflows. Essential for meeting statutory mandates (compliance/regulatory functions),High Confidence: Strong data quality with detailed purpose description. Consider adding quantitative metrics,"[QUALITATIVE] Low Effort: Low-cost operation ($12,000/year) with stable technology. Routine maintenance"
4,Aquaculture Opportunity Areas Explorer,Office of Aquaculture,24.00,4,3,4,2,Qualitative,0%,[QUALITATIVE] High Reach: National-scale application with public access serving multiple regions,"[QUALITATIVE] Medium Impact: Supports important scientific or management functions, but not immediately mission-critical",High Confidence: Strong data quality with detailed purpose description. Consider adding quantitative metrics,"[QUALITATIVE] Low Effort: Low-cost operation ($6,000/year) with stable technology. Routine maintenance"
5,Essential Fish Habitat Mapper,Habitat Conservation,16.00,3,4,4,3,Qualitative,0%,"[QUALITATIVE] Medium Reach: Multi-program application with 8,500 users",[QUALITATIVE] High Impact: Supports core regulatory or scientific workflows. Essential for meeting statutory mandates (compliance/regulatory functions),High Confidence: Strong data quality with detailed purpose description. Consider adding quantitative metrics,"[QUALITATIVE] Medium Effort: Moderate maintenance burden with $18,000/year hosting cost. Consistent support required"
6,Salmon Recovery Tracker,West Coast Region,16.00,2,4,4,2,Qualitative,0%,"[QUALITATIVE] Low Reach: Program-specific application with 625 users, limited organizational scope",[QUALITATIVE] High Impact: Supports core regulatory or scientific workflows. Essential for meeting statutory mandates (compliance/regulatory functions),High Confidence: Strong data quality with detailed purpose description. Consider adding quantitative metrics,"[QUALITATIVE] Low Effort: Low-cost operation ($8,500/year) with modern technology. Routine maintenance"
7,Scallop Rotational Area Tool,Northeast Region,12.00,1,3,4,1,Qualitative,0%,[QUALITATIVE] Minimal Reach: Niche application with only 15 users in a specific group,"[QUALITATIVE] Medium Impact: Supports important scientific or management functions, but not immediately mission-critical",High Confidence: Strong data quality with detailed purpose description. Consider adding quantitative metrics,[QUALITATIVE] Minimal Effort: Very low resource requirements ($500/year). Desktop application with negligible maintenance
8,Marine Mammal Stock Assessment Database,Protected Resources,10.67,2,4,4,3,Qualitative,0%,"[QUALITATIVE] Low Reach: Program-specific application with 450 users, limited organizational scope",[QUALITATIVE] High Impact: Supports core regulatory or scientific workflows. Essential for meeting statutory mandates (compliance/regulatory functions),High Confidence: Complete qualitative data with detailed purpose. Good understanding but would benefit from quantitative metrics,"[QUALITATIVE] Medium Effort: Moderate maintenance burden with $28,000/year hosting cost. Consistent support required"
9,Vessel Monitoring System (VMS) Portal,Office of Law Enforcement,10.00,2,5,4,4,Qualitative,0%,"[QUALITATIVE] Low Reach: Program-specific application with 580 users, limited organizational scope",[QUALITATIVE] Very High Impact: Mission-critical application. Failure would result in immediate cessation of regulatory functions or legal non-compliance,High Confidence: Complete qualitative data with detailed purpose. Good understanding but would benefit from quantitative metrics,"[QUALITATIVE] High Effort: High-cost hosting requiring significant resources ($62,000/year). Frequent manual intervention needed"
10,Observer Data Entry Portal (ODEP),Fisheries Statistics,8.00,2,4,4,4,Qualitative,0%,"[QUALITATIVE] Low Reach: Program-specific application with 850 users, limited organizational scope",[QUALITATIVE] High Impact: Supports core regulatory or scientific workflows. Essential for meeting statutory mandates (compliance/regulatory functions),High Confidence: Complete qualitative data with detailed purpose. Good understanding but would benefit from quantitative metrics,"[QUALITATIVE] High Effort: High-cost hosting requiring significant resources ($52,000/year). Frequent manual intervention needed"
11,North Pacific Observer Program Database,Alaska Region,6.40,2,4,4,5,Qualitative,0%,"[QUALITATIVE] Low Reach: Program-specific application with 320 users, limited organizational scope",[QUALITATIVE] High Impact: Supports core regulatory or scientific workflows. Essential for meeting statutory mandates (compliance/regulatory functions),High Confidence: Strong data quality with detailed purpose description. Consider adding quantitative metrics,[QUALITATIVE] Very High Effort: Legacy technology stack (legacy oracle forms) with documented technical debt. Requires constant maintenance
12,ICCAT Data Submission System,International Affairs,5.33,1,4,4,3,Qualitative,0%,[QUALITATIVE] Minimal Reach: Niche application with only 45 users in a specific group,[QUALITATIVE] High Impact: Supports core regulatory or scientific workflows. Essential for meeting statutory mandates (compliance/regulatory functions),High Confidence: Strong data quality with detailed purpose description. Consider adding quantitative metrics,"[QUALITATIVE] Medium Effort: Moderate maintenance burden with $15,000/year hosting cost. Consistent support required"